id,title,body
000,タイトル1,テキストテキストテキストテキストテキストテキストテキストテキストテキストテキストテキストテキストテキストテキストテキストテキストテキストテキストテキスト。テキストテキストテキストテキストテキストテキストテキストテキストテキストテキストテキストテキストテキストテキテキストテキスト。テキストテキストテキストテキストテキストテキストテキストテキストテキストテキストテキストテキストテキスト。
001,タイトル2,テキストテキストテキストテキストテキストテキストテキストテキストテキストテキストテキストテキストテキストテキストテキストテキストテキストテキストテキスト。テキストテキストテキストテキストテキストテキストテキストテキストテキストテキストテキストテキストテキストテキテキストテキスト。テキストテキストテキストテキストテキストテキストテキストテキストテキストテキストテキストテキストテキスト。
002,タイトル3,テキストテキストテキストテキストテキストテキストテキストテキストテキストテキストテキストテキストテキストテキストテキストテキストテキストテキストテキスト。テキストテキストテキストテキストテキストテキストテキストテキストテキストテキストテキストテキストテキストテキテキストテキスト。テキストテキストテキストテキストテキストテキストテキストテキストテキストテキストテキストテキストテキスト。
003,タイトル4,テキストテキストテキストテキストテキストテキストテキストテキストテキストテキストテキストテキストテキストテキストテキストテキストテキストテキストテキスト。テキストテキストテキストテキストテキストテキストテキストテキストテキストテキストテキストテキストテキストテキテキストテキスト。テキストテキストテキストテキストテキストテキストテキストテキストテキストテキストテキストテキストテキスト。
004,タイトル5,テキストテキストテキストテキストテキストテキストテキストテキストテキストテキストテキストテキストテキストテキストテキストテキストテキストテキストテキスト。テキストテキストテキストテキストテキストテキストテキストテキストテキストテキストテキストテキストテキストテキテキストテキスト。テキストテキストテキストテキストテキストテキストテキストテキストテキストテキストテキストテキストテキスト。
005,タイトル6,テキストテキストテキストテキストテキストテキストテキストテキストテキストテキストテキストテキストテキストテキストテキストテキストテキストテキストテキスト。テキストテキストテキストテキストテキストテキストテキストテキストテキストテキストテキストテキストテキストテキテキストテキスト。テキストテキストテキストテキストテキストテキストテキストテキストテキストテキストテキストテキストテキスト。
006,タイトル7,テキストテキストテキストテキストテキストテキストテキストテキストテキストテキストテキストテキストテキストテキストテキストテキストテキストテキストテキスト。テキストテキストテキストテキストテキストテキストテキストテキストテキストテキストテキストテキストテキストテキテキストテキスト。テキストテキストテキストテキストテキストテキストテキストテキストテキストテキストテキストテキストテキスト。
007,タイトル8,テキストテキストテキストテキストテキストテキストテキストテキストテキストテキストテキストテキストテキストテキストテキストテキストテキストテキストテキスト。テキストテキストテキストテキストテキストテキストテキストテキストテキストテキストテキストテキストテキストテキテキストテキスト。テキストテキストテキストテキストテキストテキストテキストテキストテキストテキストテキストテキストテキスト。
008,タイトル9,テキストテキストテキストテキストテキストテキストテキストテキストテキストテキストテキストテキストテキストテキストテキストテキストテキストテキストテキスト。テキストテキストテキストテキストテキストテキストテキストテキストテキストテキストテキストテキストテキストテキテキストテキスト。テキストテキストテキストテキストテキストテキストテキストテキストテキストテキストテキストテキストテキスト。
009,タイトル10,テキストテキストテキストテキストテキストテキストテキストテキストテキストテキストテキストテキストテキストテキストテキストテキストテキストテキストテキスト。テキストテキストテキストテキストテキストテキストテキストテキストテキストテキストテキストテキストテキストテキテキストテキスト。テキストテキストテキストテキストテキストテキストテキストテキストテキストテキストテキストテキストテキスト。
010,タイトル11,テキストテキストテキストテキストテキストテキストテキストテキストテキストテキストテキストテキストテキストテキストテキストテキストテキストテキストテキスト。テキストテキストテキストテキストテキストテキストテキストテキストテキストテキストテキストテキストテキストテキテキストテキスト。テキストテキストテキストテキストテキストテキストテキストテキストテキストテキストテキストテキストテキスト。
011,タイトル12,テキストテキストテキストテキストテキストテキストテキストテキストテキストテキストテキストテキストテキストテキストテキストテキストテキストテキストテキスト。テキストテキストテキストテキストテキストテキストテキストテキストテキストテキストテキストテキストテキストテキテキストテキスト。テキストテキストテキストテキストテキストテキストテキストテキストテキストテキストテキストテキストテキスト。
012,タイトル13,テキストテキストテキストテキストテキストテキストテキストテキストテキストテキストテキストテキストテキストテキストテキストテキストテキストテキストテキスト。テキストテキストテキストテキストテキストテキストテキストテキストテキストテキストテキストテキストテキストテキテキストテキスト。テキストテキストテキストテキストテキストテキストテキストテキストテキストテキストテキストテキストテキスト。
013,タイトル14,テキストテキストテキストテキストテキストテキストテキストテキストテキストテキストテキストテキストテキストテキストテキストテキストテキストテキストテキスト。テキストテキストテキストテキストテキストテキストテキストテキストテキストテキストテキストテキストテキストテキテキストテキスト。テキストテキストテキストテキストテキストテキストテキストテキストテキストテキストテキストテキストテキスト。
014,タイトル15,テキストテキストテキストテキストテキストテキストテキストテキストテキストテキストテキストテキストテキストテキストテキストテキストテキストテキストテキスト。テキストテキストテキストテキストテキストテキストテキストテキストテキストテキストテキストテキストテキストテキテキストテキスト。テキストテキストテキストテキストテキストテキストテキストテキストテキストテキストテキストテキストテキスト。
015,タイトル16,テキストテキストテキストテキストテキストテキストテキストテキストテキストテキストテキストテキストテキストテキストテキストテキストテキストテキストテキスト。テキストテキストテキストテキストテキストテキストテキストテキストテキストテキストテキストテキストテキストテキテキストテキスト。テキストテキストテキストテキストテキストテキストテキストテキストテキストテキストテキストテキストテキスト。
016,タイトル17,テキストテキストテキストテキストテキストテキストテキストテキストテキストテキストテキストテキストテキストテキストテキストテキストテキストテキストテキスト。テキストテキストテキストテキストテキストテキストテキストテキストテキストテキストテキストテキストテキストテキテキストテキスト。テキストテキストテキストテキストテキストテキストテキストテキストテキストテキストテキストテキストテキスト。
017,タイトル18,テキストテキストテキストテキストテキストテキストテキストテキストテキストテキストテキストテキストテキストテキストテキストテキストテキストテキストテキスト。テキストテキストテキストテキストテキストテキストテキストテキストテキストテキストテキストテキストテキストテキテキストテキスト。テキストテキストテキストテキストテキストテキストテキストテキストテキストテキストテキストテキストテキスト。
018,タイトル19,テキストテキストテキストテキストテキストテキストテキストテキストテキストテキストテキストテキストテキストテキストテキストテキストテキストテキストテキスト。テキストテキストテキストテキストテキストテキストテキストテキストテキストテキストテキストテキストテキストテキテキストテキスト。テキストテキストテキストテキストテキストテキストテキストテキストテキストテキストテキストテキストテキスト。
019,タイトル20,テキストテキストテキストテキストテキストテキストテキストテキストテキストテキストテキストテキストテキストテキストテキストテキストテキストテキストテキスト。テキストテキストテキストテキストテキストテキストテキストテキストテキストテキストテキストテキストテキストテキテキストテキスト。テキストテキストテキストテキストテキストテキストテキストテキストテキストテキストテキストテキストテキスト。
020,タイトル21,テキストテキストテキストテキストテキストテキストテキストテキストテキストテキストテキストテキストテキストテキストテキストテキストテキストテキストテキスト。テキストテキストテキストテキストテキストテキストテキストテキストテキストテキストテキストテキストテキストテキテキストテキスト。テキストテキストテキストテキストテキストテキストテキストテキストテキストテキストテキストテキストテキスト。
021,タイトル22,テキストテキストテキストテキストテキストテキストテキストテキストテキストテキストテキストテキストテキストテキストテキストテキストテキストテキストテキスト。テキストテキストテキストテキストテキストテキストテキストテキストテキストテキストテキストテキストテキストテキテキストテキスト。テキストテキストテキストテキストテキストテキストテキストテキストテキストテキストテキストテキストテキスト。
022,タイトル23,テキストテキストテキストテキストテキストテキストテキストテキストテキストテキストテキストテキストテキストテキストテキストテキストテキストテキストテキスト。テキストテキストテキストテキストテキストテキストテキストテキストテキストテキストテキストテキストテキストテキテキストテキスト。テキストテキストテキストテキストテキストテキストテキストテキストテキストテキストテキストテキストテキスト。
023,タイトル24,テキストテキストテキストテキストテキストテキストテキストテキストテキストテキストテキストテキストテキストテキストテキストテキストテキストテキストテキスト。テキストテキストテキストテキストテキストテキストテキストテキストテキストテキストテキストテキストテキストテキテキストテキスト。テキストテキストテキストテキストテキストテキストテキストテキストテキストテキストテキストテキストテキスト。
024,タイトル25,テキストテキストテキストテキストテキストテキストテキストテキストテキストテキストテキストテキストテキストテキストテキストテキストテキストテキストテキスト。テキストテキストテキストテキストテキストテキストテキストテキストテキストテキストテキストテキストテキストテキテキストテキスト。テキストテキストテキストテキストテキストテキストテキストテキストテキストテキストテキストテキストテキスト。
025,タイトル26,テキストテキストテキストテキストテキストテキストテキストテキストテキストテキストテキストテキストテキストテキストテキストテキストテキストテキストテキスト。テキストテキストテキストテキストテキストテキストテキストテキストテキストテキストテキストテキストテキストテキテキストテキスト。テキストテキストテキストテキストテキストテキストテキストテキストテキストテキストテキストテキストテキスト。
026,タイトル27,テキストテキストテキストテキストテキストテキストテキストテキストテキストテキストテキストテキストテキストテキストテキストテキストテキストテキストテキスト。テキストテキストテキストテキストテキストテキストテキストテキストテキストテキストテキストテキストテキストテキテキストテキスト。テキストテキストテキストテキストテキストテキストテキストテキストテキストテキストテキストテキストテキスト。
027,タイトル28,テキストテキストテキストテキストテキストテキストテキストテキストテキストテキストテキストテキストテキストテキストテキストテキストテキストテキストテキスト。テキストテキストテキストテキストテキストテキストテキストテキストテキストテキストテキストテキストテキストテキテキストテキスト。テキストテキストテキストテキストテキストテキストテキストテキストテキストテキストテキストテキストテキスト。
028,タイトル29,テキストテキストテキストテキストテキストテキストテキストテキストテキストテキストテキストテキストテキストテキストテキストテキストテキストテキストテキスト。テキストテキストテキストテキストテキストテキストテキストテキストテキストテキストテキストテキストテキストテキテキストテキスト。テキストテキストテキストテキストテキストテキストテキストテキストテキストテキストテキストテキストテキスト。
029,タイトル30,テキストテキストテキストテキストテキストテキストテキストテキストテキストテキストテキストテキストテキストテキストテキストテキストテキストテキストテキスト。テキストテキストテキストテキストテキストテキストテキストテキストテキストテキストテキストテキストテキストテキテキストテキスト。テキストテキストテキストテキストテキストテキストテキストテキストテキストテキストテキストテキストテキスト。
030,タイトル31,テキストテキストテキストテキストテキストテキストテキストテキストテキストテキストテキストテキストテキストテキストテキストテキストテキストテキストテキスト。テキストテキストテキストテキストテキストテキストテキストテキストテキストテキストテキストテキストテキストテキテキストテキスト。テキストテキストテキストテキストテキストテキストテキストテキストテキストテキストテキストテキストテキスト。
031,タイトル32,テキストテキストテキストテキストテキストテキストテキストテキストテキストテキストテキストテキストテキストテキストテキストテキストテキストテキストテキスト。テキストテキストテキストテキストテキストテキストテキストテキストテキストテキストテキストテキストテキストテキテキストテキスト。テキストテキストテキストテキストテキストテキストテキストテキストテキストテキストテキストテキストテキスト。
032,タイトル33,テキストテキストテキストテキストテキストテキストテキストテキストテキストテキストテキストテキストテキストテキストテキストテキストテキストテキストテキスト。テキストテキストテキストテキストテキストテキストテキストテキストテキストテキストテキストテキストテキストテキテキストテキスト。テキストテキストテキストテキストテキストテキストテキストテキストテキストテキストテキストテキストテキスト。
033,タイトル34,テキストテキストテキストテキストテキストテキストテキストテキストテキストテキストテキストテキストテキストテキストテキストテキストテキストテキストテキスト。テキストテキストテキストテキストテキストテキストテキストテキストテキストテキストテキストテキストテキストテキテキストテキスト。テキストテキストテキストテキストテキストテキストテキストテキストテキストテキストテキストテキストテキスト。
034,タイトル35,テキストテキストテキストテキストテキストテキストテキストテキストテキストテキストテキストテキストテキストテキストテキストテキストテキストテキストテキスト。テキストテキストテキストテキストテキストテキストテキストテキストテキストテキストテキストテキストテキストテキテキストテキスト。テキストテキストテキストテキストテキストテキストテキストテキストテキストテキストテキストテキストテキスト。
035,タイトル36,テキストテキストテキストテキストテキストテキストテキストテキストテキストテキストテキストテキストテキストテキストテキストテキストテキストテキストテキスト。テキストテキストテキストテキストテキストテキストテキストテキストテキストテキストテキストテキストテキストテキテキストテキスト。テキストテキストテキストテキストテキストテキストテキストテキストテキストテキストテキストテキストテキスト。
036,タイトル37,テキストテキストテキストテキストテキストテキストテキストテキストテキストテキストテキストテキストテキストテキストテキストテキストテキストテキストテキスト。テキストテキストテキストテキストテキストテキストテキストテキストテキストテキストテキストテキストテキストテキテキストテキスト。テキストテキストテキストテキストテキストテキストテキストテキストテキストテキストテキストテキストテキスト。
037,タイトル38,テキストテキストテキストテキストテキストテキストテキストテキストテキストテキストテキストテキストテキストテキストテキストテキストテキストテキストテキスト。テキストテキストテキストテキストテキストテキストテキストテキストテキストテキストテキストテキストテキストテキテキストテキスト。テキストテキストテキストテキストテキストテキストテキストテキストテキストテキストテキストテキストテキスト。
038,タイトル39,テキストテキストテキストテキストテキストテキストテキストテキストテキストテキストテキストテキストテキストテキストテキストテキストテキストテキストテキスト。テキストテキストテキストテキストテキストテキストテキストテキストテキストテキストテキストテキストテキストテキテキストテキスト。テキストテキストテキストテキストテキストテキストテキストテキストテキストテキストテキストテキストテキスト。
039,タイトル40,テキストテキストテキストテキストテキストテキストテキストテキストテキストテキストテキストテキストテキストテキストテキストテキストテキストテキストテキスト。テキストテキストテキストテキストテキストテキストテキストテキストテキストテキストテキストテキストテキストテキテキストテキスト。テキストテキストテキストテキストテキストテキストテキストテキストテキストテキストテキストテキストテキスト。
040,タイトル41,テキストテキストテキストテキストテキストテキストテキストテキストテキストテキストテキストテキストテキストテキストテキストテキストテキストテキストテキスト。テキストテキストテキストテキストテキストテキストテキストテキストテキストテキストテキストテキストテキストテキテキストテキスト。テキストテキストテキストテキストテキストテキストテキストテキストテキストテキストテキストテキストテキスト。
041,タイトル42,テキストテキストテキストテキストテキストテキストテキストテキストテキストテキストテキストテキストテキストテキストテキストテキストテキストテキストテキスト。テキストテキストテキストテキストテキストテキストテキストテキストテキストテキストテキストテキストテキストテキテキストテキスト。テキストテキストテキストテキストテキストテキストテキストテキストテキストテキストテキストテキストテキスト。
042,タイトル43,テキストテキストテキストテキストテキストテキストテキストテキストテキストテキストテキストテキストテキストテキストテキストテキストテキストテキストテキスト。テキストテキストテキストテキストテキストテキストテキストテキストテキストテキストテキストテキストテキストテキテキストテキスト。テキストテキストテキストテキストテキストテキストテキストテキストテキストテキストテキストテキストテキスト。
043,タイトル44,テキストテキストテキストテキストテキストテキストテキストテキストテキストテキストテキストテキストテキストテキストテキストテキストテキストテキストテキスト。テキストテキストテキストテキストテキストテキストテキストテキストテキストテキストテキストテキストテキストテキテキストテキスト。テキストテキストテキストテキストテキストテキストテキストテキストテキストテキストテキストテキストテキスト。
044,タイトル45,テキストテキストテキストテキストテキストテキストテキストテキストテキストテキストテキストテキストテキストテキストテキストテキストテキストテキストテキスト。テキストテキストテキストテキストテキストテキストテキストテキストテキストテキストテキストテキストテキストテキテキストテキスト。テキストテキストテキストテキストテキストテキストテキストテキストテキストテキストテキストテキストテキスト。
045,タイトル46,テキストテキストテキストテキストテキストテキストテキストテキストテキストテキストテキストテキストテキストテキストテキストテキストテキストテキストテキスト。テキストテキストテキストテキストテキストテキストテキストテキストテキストテキストテキストテキストテキストテキテキストテキスト。テキストテキストテキストテキストテキストテキストテキストテキストテキストテキストテキストテキストテキスト。
046,タイトル47,テキストテキストテキストテキストテキストテキストテキストテキストテキストテキストテキストテキストテキストテキストテキストテキストテキストテキストテキスト。テキストテキストテキストテキストテキストテキストテキストテキストテキストテキストテキストテキストテキストテキテキストテキスト。テキストテキストテキストテキストテキストテキストテキストテキストテキストテキストテキストテキストテキスト。
047,タイトル48,テキストテキストテキストテキストテキストテキストテキストテキストテキストテキストテキストテキストテキストテキストテキストテキストテキストテキストテキスト。テキストテキストテキストテキストテキストテキストテキストテキストテキストテキストテキストテキストテキストテキテキストテキスト。テキストテキストテキストテキストテキストテキストテキストテキストテキストテキストテキストテキストテキスト。
048,タイトル49,テキストテキストテキストテキストテキストテキストテキストテキストテキストテキストテキストテキストテキストテキストテキストテキストテキストテキストテキスト。テキストテキストテキストテキストテキストテキストテキストテキストテキストテキストテキストテキストテキストテキテキストテキスト。テキストテキストテキストテキストテキストテキストテキストテキストテキストテキストテキストテキストテキスト。
049,タイトル50,テキストテキストテキストテキストテキストテキストテキストテキストテキストテキストテキストテキストテキストテキストテキストテキストテキストテキストテキスト。テキストテキストテキストテキストテキストテキストテキストテキストテキストテキストテキストテキストテキストテキテキストテキスト。テキストテキストテキストテキストテキストテキストテキストテキストテキストテキストテキストテキストテキスト。
050,タイトル51,テキストテキストテキストテキストテキストテキストテキストテキストテキストテキストテキストテキストテキストテキストテキストテキストテキストテキストテキスト。テキストテキストテキストテキストテキストテキストテキストテキストテキストテキストテキストテキストテキストテキテキストテキスト。テキストテキストテキストテキストテキストテキストテキストテキストテキストテキストテキストテキストテキスト。
